<?xml version="1.0" encoding="UTF-8" standalone="yes"?>
<model type="com.apple.IDECoreDataModeler.DataModel" documentVersion="1.0" lastSavedToolsVersion="17709" systemVersion="20C69" minimumToolsVersion="Automatic" sourceLanguage="Swift" userDefinedModelVersionIdentifier="">
    <entity name="Category" representedClassName=".Category" syncable="YES" codeGenerationType="class">
        <attribute name="name" attributeType="String"/>
        <attribute name="quantity" attributeType="Integer 64" defaultValueString="0" usesScalarValueType="YES"/>
        <relationship name="toItems" optional="YES" toMany="YES" deletionRule="Nullify" destinationEntity="Items" inverseName="parentCategory" inverseEntity="Items"/>
    </entity>
    <entity name="Items" representedClassName=".Items" syncable="YES" codeGenerationType="class">
        <attribute name="category" attributeType="String" customClassName="."/>
        <attribute name="status" attributeType="Boolean" usesScalarValueType="YES"/>
        <attribute name="title" attributeType="String"/>
        <relationship name="parentCategory" optional="YES" maxCount="1" deletionRule="Nullify" destinationEntity="Category" inverseName="toItems" inverseEntity="Category"/>
    </entity>
    <elements>
        <element name="Items" positionX="1025.726745605469" positionY="-2732.300628662109" width="128" height="103"/>
        <element name="Category" positionX="794.1435546875" positionY="-2755.481384277344" width="128" height="88"/>
    </elements>
</model>